Cyclic dependency,God component,Ambiguous interface,Feature concentration,Unstable dependency,Scattered functionality,Dense structure,Imperative abstraction,Multifaceted abstraction,Unnecessary abstraction,Unutilized abstraction,Feature envy,Deficient encapsulation,Unexploited encapsulation,Broken modularization,Cyclically-dependent modularization,Hub-like modularization,Insufficient modularization,Broken hierarchy,Cyclic hierarchy,Deep hierarchy,Missing hierarchy,Multipath hierarchy,Rebellious hierarch,Wide hierarchy,Abstract function call from constructor,Complex conditional,Complex method,Empty catch clause,Long identifier,Long method,Long parameter list,Long statement,Magic number,Missing default,tactic
-9,5,0,3,8,0,0,2,1,22,278,40,110,1,9,54,4,81,72,-3,0,87,0,3,1,0,43,431,73,58,20,223,2037,2617,218,Floss
76,3,-1,0,18,0,0,0,12,-35,202,56,237,-2,-5,103,3,128,14,-2,0,-84,2,2,-2,0,16,799,-30,87,41,212,1377,13620,467,Floss
19,-4,0,11,6,0,0,2,-1,-10,-586,0,-227,0,-4,-217,0,-235,3,3,0,1,2,-1,1,-1,2,-1807,-100,-35,-18,-471,-1419,-8930,-1059,Floss
18,6,0,-1,5,0,0,3,1,1,261,90,181,0,3,14,3,36,103,1,0,0,0,1,9,0,31,56,168,63,8,50,569,2061,5,Floss
-18,5,0,6,-3,0,0,4,1,14,267,80,92,2,2,3,1,29,55,0,0,2,0,1,2,2,3,60,212,104,9,-2,702,2449,-5,Floss
18,0,0,4,2,0,0,0,0,7,17,79,59,0,1,9,3,14,7,2,2,0,0,8,0,1,18,10,-10,29,4,42,175,428,14,Floss
48,14,0,19,17,0,0,-1,4,-5,174,40,390,1,-1,14,1,82,58,7,0,0,-2,6,1,0,83,147,32,177,11,80,1103,2981,71,Floss
-70,-4,-1,-47,-31,0,0,-8,-4,-30,-396,-21,-109,-2,-6,-35,0,-108,-114,-5,0,-6,-5,0,1,0,-132,-236,-186,-76,-23,-173,-1907,-1241,-20,Floss
92,7,1,79,38,0,0,11,5,216,864,26,267,3,9,49,0,124,172,9,18,7,5,2,7,0,190,306,279,178,32,265,2255,1793,35,Floss
311,8,0,120,110,0,0,9,11,12,695,65,265,1,16,101,7,141,383,2,0,0,-1,4,7,3,173,462,88,450,42,838,3265,2586,236,Floss
107,13,0,19,17,0,0,8,-6,-26,-59,25,365,0,-3,35,4,37,57,4,0,0,0,0,7,1,61,118,-63,33,-6,239,672,-243,155,Floss
-15,0,1,-3,-5,0,0,-1,0,21,124,-18,11,2,-2,-4,-1,11,27,-1,0,0,0,-1,3,0,-15,16,1,41,5,17,194,74,1,Floss
157,16,0,41,43,0,1,3,6,64,366,93,202,5,25,83,9,156,192,12,0,6,2,7,8,1,169,328,489,957,29,601,3708,10488,103,Floss
202,16,0,22,49,0,0,4,0,65,330,43,326,2,12,70,12,161,187,7,0,1,7,2,5,3,97,227,72,351,17,120,4444,-989,45,Floss
62,7,0,10,13,0,0,4,1,33,200,6,138,1,11,21,7,66,103,5,0,4,1,5,4,1,77,66,12,165,4,59,2676,967,20,Floss
3,-2,0,0,-2,0,0,2,-1,4,-6,-43,-75,5,0,-3,0,-130,-43,3,0,5,0,-2,-1,-1,19,-81,-32,-305,13,25,1175,-3596,-63,Floss
26,5,0,4,3,0,0,1,3,-1,235,6,25,-1,1,19,12,49,149,15,0,1,0,0,8,0,149,146,11,-4,18,166,3712,2071,469,Floss
52,29,1,78,19,0,0,8,0,27,1541,155,197,6,7,59,5,178,553,1,0,7,2,2,18,0,122,259,228,124,14,199,3777,6319,47,Floss
15,11,0,26,12,0,0,5,4,32,606,71,125,1,9,36,0,84,354,2,0,1,-1,1,6,0,76,153,93,116,6,81,2226,2951,33,Floss
52,29,1,78,19,0,0,8,0,27,1541,155,197,6,7,59,5,178,553,1,0,7,2,2,18,0,122,259,228,124,14,199,3777,6319,47,Floss
15,10,0,26,12,0,0,5,4,32,597,70,121,1,9,32,0,83,314,1,0,1,-1,1,5,0,73,147,93,116,6,80,2165,2846,33,Floss
62,9,0,1,15,0,0,-1,1,5,141,9,283,12,-1,27,2,86,73,15,0,14,1,4,3,-2,66,258,32,100,13,177,936,1411,107,Floss
54,5,0,-2,10,0,0,-1,0,8,408,3,171,10,1,153,12,57,104,24,0,40,4,12,6,3,89,362,25,105,15,221,2127,6343,241,Floss
45,12,0,8,10,0,0,5,5,3,241,58,121,-14,0,10,9,107,54,20,0,-11,-5,-6,-1,6,66,96,75,86,-1,252,4388,8543,0,Floss
35,-2,5,8,9,0,0,0,-3,-12,-93,138,-13,1,-6,6,-1,-8,-35,-3,0,0,0,-1,2,0,21,21,-9,-6,7,-13,131,1142,3,Floss
12,0,1,1,3,0,0,-1,17,25,27,8,14,1,1,2,1,10,4,0,0,1,0,1,1,0,19,5,-7,15,1,1,51,344,7,Floss
77,-4,-1,10,11,0,0,0,1,36,-157,81,74,4,2,7,0,10,43,1,0,4,0,2,5,0,10,15,-30,3,0,30,354,839,23,Floss
-1,1,0,0,-2,0,0,0,0,1,-70,-26,-23,1,-2,-5,0,-21,6,-3,0,1,-1,0,0,0,-3,-32,-199,5,-2,-10,53,-607,-35,Floss
0,1,0,0,0,0,0,0,-1,1,16,8,3,2,0,2,0,12,26,1,0,3,6,0,2,0,7,11,13,0,1,0,40,331,8,Floss
-11,0,0,0,0,0,0,0,5,19,-31,5,-36,0,0,4,0,-12,-13,1,0,0,0,0,-1,0,7,-1,-101,13,1,0,86,-153,-5,Floss
22,2,0,-1,0,0,0,2,-2,-2,3,-9,8,0,0,0,0,-7,1,-3,0,0,0,4,-2,3,24,50,-41,6,8,-4,156,3301,30,Floss
24,8,0,3,9,0,0,0,0,14,84,31,32,3,0,19,1,59,47,-1,0,9,0,1,5,5,34,148,116,44,25,213,1157,15300,29,Floss
64,5,0,41,22,0,0,2,4,-32,328,31,193,-3,3,34,11,88,136,5,0,-1,0,3,-1,0,311,260,379,90,24,272,1253,1931,13,Floss
10,4,0,1,-4,0,0,1,0,8,32,3,12,0,0,-8,0,0,0,0,0,0,1,1,0,0,30,9,42,40,5,43,218,307,-4,Floss
6,9,0,33,26,0,0,2,-2,40,361,16,180,3,1,30,5,110,159,1,0,5,0,0,-2,0,282,175,341,147,15,238,1215,1910,13,Floss
-7,-1,0,1,-6,0,0,-1,-1,1,95,5,-16,1,-4,-3,1,8,30,3,0,1,0,9,-2,0,-8,6,10,3,-3,-2,305,-34,-7,Floss
41,-3,0,24,9,0,0,-1,1,25,102,145,32,-4,8,-7,0,24,-4,-3,0,-5,0,-1,-3,0,-26,10,129,37,11,94,278,-814,-34,Floss
74,0,0,16,3,0,0,2,-1,-9,259,-32,23,1,-5,13,0,4,22,-1,0,1,0,0,3,0,5,20,-18,11,-6,-14,782,879,-4,Floss
-7,0,0,-3,-1,0,0,-1,0,0,-5,0,-2,0,0,-5,0,5,3,0,0,0,0,0,0,0,4,-12,-3,125,1,0,51,55,64,Floss
185,13,1,16,38,0,0,-2,5,27,291,55,173,8,16,95,-2,-47,126,6,2,8,5,14,3,0,94,-144,150,-436,-13,264,4115,-4735,-159,Floss
157,16,0,12,35,0,0,-1,6,9,222,71,295,3,3,81,7,129,121,11,0,6,0,5,9,3,123,206,40,333,30,324,5801,8931,59,Floss
92,18,0,5,24,0,0,2,8,11,133,42,117,3,0,34,3,55,73,12,0,5,0,3,1,2,20,75,7,250,-3,274,3527,3677,40,Floss
165,5,1,39,38,0,0,1,1,10,352,4,50,0,17,11,0,52,13,0,0,0,0,0,0,0,144,147,15,2932,44,598,4835,1112,44,Floss
77,14,0,64,12,0,0,0,99,6,785,5,1167,0,31,3,0,31,34,0,0,0,0,0,2,0,27,55,7,821,9,209,1818,883,3,Floss
90,37,0,67,32,0,0,6,14,69,785,50,454,10,3,25,6,107,138,10,0,19,7,8,15,-4,154,220,613,-70,11,354,3864,11237,110,Floss
246,17,0,26,45,0,0,8,8,48,413,74,358,-4,5,78,9,172,305,5,1,-1,-9,7,6,0,94,206,324,707,30,528,6711,13533,77,Floss
184,29,0,36,52,0,0,-4,3,33,410,82,381,3,8,70,4,117,257,22,1,-1,1,5,5,6,31,10,121,1055,-6,486,3822,6040,113,Floss
57,7,0,10,11,0,0,-1,1,-65,41,60,104,3,0,36,10,136,35,10,0,8,0,4,0,0,83,402,98,122,18,356,1950,6291,-134,Floss
93,11,0,6,14,0,0,6,2,12,1364,85,520,1,1,207,11,683,244,41,0,1,3,4,5,0,80,1902,91,2058,37,746,11136,26793,2011,Floss
-188,-27,0,-18,-34,0,-1,-11,-3,-20,-1613,-190,-775,-4,-3,-266,-24,-931,-361,-52,0,-9,-3,-8,-7,0,-236,-2641,-285,-2201,-66,-1398,-13665,-35511,-2459,Floss
42,1,0,13,8,0,0,2,-1,3,30,14,25,0,2,5,1,24,-37,0,0,0,0,0,-2,0,60,48,26,111,4,80,831,729,17,Floss
98,2,0,10,18,0,0,-4,3,24,89,50,41,2,2,19,4,22,54,2,0,2,0,0,1,0,47,80,76,198,6,135,2177,1029,39,Floss
107,14,0,8,26,0,0,15,4,7,899,78,355,5,3,361,9,343,156,12,0,11,1,6,13,1,152,1606,131,407,77,652,3518,8491,1163,Floss
150,16,0,15,29,0,0,7,1,8,471,94,341,7,3,204,11,266,198,9,0,10,6,1,6,2,400,1111,116,233,90,577,3704,15134,862,Floss
215,29,0,13,38,0,0,18,6,47,838,97,488,7,8,173,17,390,305,13,0,99,8,3,12,2,575,1533,126,912,186,1081,9907,15933,981,Floss
-9,0,0,0,-3,0,0,-3,0,0,11,13,12,1,0,5,0,11,17,1,0,1,0,0,1,0,10,7,-40,45,2,41,404,101,4,Floss
9,-1,0,1,-1,0,0,0,0,0,-69,0,4,0,0,-1,0,13,6,0,0,1,0,0,0,0,3,1,65,0,1,8,87,503,0,Floss
205,18,0,19,50,0,0,4,0,70,445,49,363,2,23,75,16,175,198,7,0,2,10,3,5,3,109,247,72,374,17,119,5358,-488,45,Floss
157,16,0,12,35,0,0,-1,6,9,222,71,295,3,3,81,7,129,121,11,0,6,0,5,9,3,123,206,40,333,30,324,5801,8931,59,Floss
92,18,0,5,24,0,0,2,8,11,133,42,117,3,0,34,3,55,73,12,0,5,0,3,1,2,20,75,7,250,-3,274,3527,3677,40,Floss
320,13,0,25,65,0,0,3,4,69,395,27,402,0,29,65,3,44,140,7,0,5,6,6,2,7,56,78,108,468,5,150,4078,1992,58,Floss
65,7,0,7,11,0,0,1,1,14,65,7,66,0,3,12,1,11,45,4,0,0,4,-1,1,2,9,23,18,145,4,65,1122,698,45,Floss
287,11,0,17,43,0,0,7,-1,25,223,43,176,12,10,46,3,72,150,1,0,9,0,1,5,0,80,291,105,619,29,254,3261,6635,153,Floss
70,6,0,27,45,0,0,9,2,4,148,21,94,1,18,13,2,35,80,1,0,1,0,0,8,0,-5,181,133,244,37,-108,3369,12630,162,Floss
-54,1,1,50,49,0,0,4,1,446,431,71,39,3,20,12,0,40,83,0,0,3,0,0,-1,2,1,16,35,432,2,40,2590,1730,-7,Floss
83,16,1,48,44,0,0,0,2,30,470,215,580,-2,15,65,3,129,26,2,0,-1,2,4,2,0,-10,-59,-132,233,-3,145,6868,1819,3,Floss
65,19,1,34,20,0,0,-1,2,106,327,45,73,1,29,66,1,25,7,15,0,1,0,1,3,0,-10,-26,32,446,-2,110,5924,1475,22,Floss
11,3,0,16,8,0,0,0,1,4,199,12,18,0,0,5,0,23,-2,0,0,0,0,2,0,0,8,10,5,30,-1,64,466,444,3,Floss
75,10,0,40,33,0,0,0,0,1,542,13,35,0,2,25,0,103,44,11,0,0,0,15,1,0,29,32,3,84,3,268,1713,1557,10,Floss
-23,-2,0,1,-5,0,0,-2,0,1,8,14,-51,0,0,-8,0,1,-29,2,0,1,0,-1,-3,0,-29,2,35,-1,11,12,-147,-293,7,Floss
-9,2,0,1,-1,0,0,1,0,4,52,-1,2,0,0,4,1,8,15,1,0,-1,5,0,1,0,24,23,8,5,7,8,86,282,3,Floss
-209,-12,0,-78,-87,0,-1,-12,-12,-37,-929,-449,-405,-2,-25,-169,-5,-220,-299,-7,0,-7,-10,-23,-3,-5,-370,-675,-588,-74,-51,-261,-2572,-4489,-162,Floss
4,2,0,8,1,0,0,1,0,6,104,4,7,0,3,4,0,8,23,1,0,0,0,0,3,0,13,15,35,7,-1,29,93,36,-1,Floss
19,1,0,2,4,0,0,-3,0,1,54,1,11,0,0,5,-1,14,19,2,0,0,0,0,0,0,11,12,-41,75,2,21,532,236,4,Floss
25,0,1,8,4,0,0,0,2,4,76,13,32,1,2,7,1,21,22,0,0,1,0,0,0,2,22,11,15,47,-2,88,1036,593,15,Floss
27,11,0,9,5,0,0,2,0,17,161,16,189,3,3,20,1,42,68,2,0,3,0,2,2,2,41,46,8,24,-1,553,486,1561,29,Floss
21,5,0,3,0,0,0,-1,0,282,317,9,134,0,23,17,2,49,68,0,0,2,0,0,6,0,31,59,-23,8,-2,294,752,1149,4,Floss
31,4,0,21,12,0,0,8,1,-246,58,62,97,0,-19,16,2,37,54,-1,0,-1,1,1,4,0,27,49,35,38,3,134,379,211,39,Floss
0,1,0,6,1,0,0,0,0,24,22,-15,18,0,0,5,0,11,6,0,0,0,0,0,0,0,12,-1,12,9,-2,25,276,631,-5,Floss
9,1,0,9,5,0,0,2,0,13,43,4,8,-1,0,3,0,29,19,0,0,-1,0,0,0,1,14,7,2,44,0,9,229,350,9,Floss
21,1,0,10,6,0,0,-2,0,-39,3,18,-111,0,-91,9,0,11,15,0,0,1,0,1,0,1,16,21,-6,-23,11,14,-89,437,12,Floss
11,3,0,4,2,0,0,2,1,3,30,1,10,0,1,2,0,5,4,0,0,0,0,-1,0,0,8,18,-3,18,-2,53,160,118,2,Floss
-18,4,0,-3,5,0,0,0,9,0,40,3,75,0,2,12,3,15,47,3,0,0,0,1,0,0,12,53,12,-7,2,126,347,100,21,Floss
21,0,0,0,1,0,0,0,0,0,2,0,2,3,0,0,0,-2,0,0,0,2,0,0,0,0,-2,3,0,28,1,2,16,-2,0,Floss
0,0,0,0,0,0,0,0,0,0,0,0,0,0,0,0,0,0,0,0,0,0,0,0,0,0,0,0,0,0,0,0,0,0,0,Floss
137,5,0,38,32,0,0,9,2,18,406,646,229,1,7,35,0,150,200,0,0,2,4,1,2,0,214,335,181,443,54,454,6673,4540,69,Floss
79,4,0,25,7,0,0,1,3,6,171,190,119,1,5,22,0,59,125,1,0,1,0,0,4,0,79,96,61,404,20,192,2921,1981,32,Floss
5,1,0,-2,1,0,0,0,1,2,52,14,38,0,0,-4,0,28,26,0,0,1,0,1,0,0,28,53,23,27,18,64,972,1255,14,Floss
-13,1,0,-2,-1,0,0,-4,-1,1,-16,2,22,0,0,-2,-1,1,6,0,0,0,0,0,0,0,-21,-16,-5,47,-8,26,327,-286,6,Floss
13,2,0,7,5,0,0,0,2,4,55,6,21,0,2,8,1,14,14,0,0,0,0,0,0,0,28,24,14,15,4,10,80,151,2,Floss
37,0,1,-1,7,0,0,-3,2,-2,8,4,3,0,0,-5,0,-9,-25,0,0,0,0,0,0,-3,8,3,6,0,3,-5,116,-264,6,Floss
34,3,0,2,3,0,0,0,1,3,57,3,65,2,1,13,0,43,79,2,0,1,0,1,2,0,47,104,58,505,35,167,2403,3293,22,Floss
-11,2,0,2,-3,0,0,1,-1,2,61,3,28,2,-2,4,2,29,53,0,0,2,0,0,-1,0,46,30,14,242,20,88,1310,2206,27,Floss
43,7,0,-4,9,0,0,3,-8,-3,38,56,7,0,-1,6,1,51,69,4,0,-3,-24,1,2,2,43,99,141,190,2,186,835,896,33,Floss
63,4,0,8,15,0,0,-2,-6,1,259,36,273,0,-1,23,4,79,102,4,0,2,60,7,6,0,113,133,169,302,5,-31,1414,3251,136,Floss
43,7,0,-4,9,0,0,3,-8,-3,38,56,7,0,-1,6,1,51,69,4,0,-3,-24,1,2,2,43,99,141,190,2,186,835,896,33,Floss
63,4,0,8,15,0,0,-2,-6,1,259,36,273,0,-1,23,4,79,102,4,0,2,60,7,6,0,113,133,169,302,5,-31,1414,3251,136,Floss
17,2,0,7,6,0,0,1,0,1,19,47,145,1,5,8,1,29,20,0,0,1,0,0,1,0,163,121,16,35,20,22,612,369,25,Floss
56,6,0,9,19,0,0,1,3,2,40,34,41,1,5,18,0,24,19,0,0,1,0,0,1,1,16,25,39,425,0,85,2006,1221,27,Floss
64,12,0,5,8,0,0,4,1,0,88,34,103,6,0,48,0,66,114,28,4,14,1,4,4,0,125,282,25,7,28,240,1213,5217,216,Floss
28,5,0,1,10,0,0,0,2,0,57,10,48,1,0,22,1,28,46,9,0,1,0,7,4,0,62,125,15,2,16,73,360,2067,60,Floss
26,9,0,7,12,0,0,3,4,0,112,15,154,6,0,50,8,50,70,23,3,11,0,5,5,0,109,254,37,5,13,147,646,5906,98,Floss
0,0,0,0,0,0,0,0,0,0,0,0,1,0,0,0,0,0,0,0,0,0,0,0,0,0,0,0,0,0,0,0,5,9,1,Floss
6,2,0,3,2,0,0,0,0,5,78,11,53,0,-1,16,0,9,1,1,0,1,0,1,0,0,7,76,9,52,14,51,596,1028,44,Floss
151,7,0,14,27,0,0,4,8,-6,106,19,124,4,5,51,2,79,41,0,0,-28,3,-2,1,0,39,212,21,464,40,190,2554,5604,159,Floss
3,2,0,2,3,0,0,4,0,1,0,22,-4,2,0,1,1,8,8,0,0,0,1,1,-1,0,0,11,-1,9,-2,16,54,85,0,Floss
7,1,0,3,0,0,0,2,0,3,41,46,13,0,0,5,0,10,6,-1,0,0,0,0,0,0,27,22,0,8,1,14,42,165,5,Floss
23,0,0,5,3,0,0,5,0,1,14,12,13,1,4,-1,0,5,28,0,0,1,0,0,0,0,18,51,29,20,2,5,298,116,3,Floss
95,8,2,43,30,0,0,15,5,47,386,51,108,0,6,39,1,51,386,4,0,4,0,1,16,2,156,211,40,27,48,145,1765,1926,264,Floss
-56,-1,-1,-13,-12,0,0,-14,2,-30,-90,-37,-5,4,-4,-2,-1,-26,-76,4,0,3,1,2,-12,11,-69,-79,-17,8,-29,-20,-187,-1295,-100,Floss
30,5,1,13,8,0,0,1,1,3,155,13,35,0,0,7,0,30,118,0,0,-1,1,3,5,0,64,68,28,36,17,24,901,382,50,Floss
25,3,0,1,2,0,0,-2,4,4,-10,-5,42,5,0,4,5,58,-26,3,0,5,0,-1,0,4,162,135,-2,20,8,502,943,1847,114,Floss
-10,4,0,7,-1,0,0,3,2,-44,7,15,97,7,-1,-1,4,11,97,4,0,8,0,0,4,-3,33,35,0,-99,-13,233,633,3061,112,Floss
35,1,0,4,10,0,0,-3,3,7,40,-2,31,2,-1,18,4,39,39,1,0,2,0,0,3,0,77,78,39,259,12,199,1715,3082,9,Floss
10,0,0,0,-1,0,0,1,0,2,5,2,8,0,0,5,0,9,12,0,0,0,0,0,0,0,19,17,7,29,2,35,342,581,14,Floss
72,6,0,8,11,0,0,4,4,5,284,12,31,3,1,6,2,55,74,1,0,4,0,1,2,0,78,111,14,1,9,18,1962,2315,20,Floss
18,1,0,-3,3,0,0,-1,0,4,84,3,23,0,0,1,0,4,57,3,0,0,0,0,1,0,5,8,-2,-10,1,-5,156,298,-1,Floss
57,10,0,10,12,0,0,5,-1,17,127,-36,59,1,2,23,0,38,67,7,0,-2,2,1,2,0,77,148,113,82,32,69,328,905,15,Floss
-6,0,0,-4,0,0,0,1,0,10,-96,-47,-22,1,1,-10,1,-30,-11,-5,0,1,0,-1,-1,0,-22,-47,18,30,7,-20,-6,-232,12,Floss
23,8,0,3,-4,0,0,2,2,15,117,12,82,1,-2,23,-1,104,89,4,0,1,0,14,2,3,111,134,72,147,22,93,527,1729,50,Floss
13,5,1,25,6,0,-1,10,2,66,426,60,101,8,-1,14,0,48,119,-1,10,12,6,0,4,0,77,119,234,95,23,57,615,825,2,Floss
59,9,-1,18,22,0,1,3,0,95,226,27,122,3,4,35,3,64,36,-1,0,1,1,0,1,0,327,443,322,78,155,51,2456,645,2,Floss
79,5,0,26,26,0,0,5,1,14,206,67,213,1,9,53,5,70,64,3,0,8,0,1,2,0,156,351,136,129,41,112,1839,2439,51,Floss
2,0,0,1,5,0,0,-1,0,0,46,-16,-2,4,4,-9,0,39,3,1,0,4,0,-1,-1,0,44,60,3,120,14,25,-6,648,58,Floss
47,9,0,3,10,0,0,1,4,15,48,-5,38,2,-1,11,3,14,22,-2,0,3,5,4,4,1,61,73,35,90,6,20,246,318,-4,Floss
15,1,0,2,-1,0,0,0,0,2,4,3,9,0,0,-1,1,8,12,0,0,3,0,1,-1,-1,24,5,2,10,0,7,85,79,0,Floss
75,1,0,17,17,0,0,3,8,32,44,10,68,6,0,16,-1,27,92,-1,0,4,-3,-4,1,0,16,22,-25,6,-4,35,252,441,14,Floss
-39,2,0,14,2,0,0,0,0,1,324,4,2,0,0,3,-1,5,68,-1,0,-1,0,-1,1,0,-12,-5,44,6,1,58,67,84,11,Floss
38,-1,0,-5,1,0,0,3,-4,0,-5,-1,18,0,-5,-5,0,-7,-45,1,0,0,0,-1,-2,0,7,-23,82,-122,0,-11,-1021,-62,-40,Floss
-6,5,0,13,3,0,0,26,7,3,156,7,15,0,2,7,1,41,106,3,0,0,0,0,5,0,172,168,32,338,24,63,3656,729,6,Floss
24,8,0,5,5,0,0,3,0,4,310,77,217,1,3,21,4,48,125,1,0,1,2,-1,10,0,64,124,179,117,16,42,589,2341,16,Chunked_Floss
19,1,0,2,3,0,0,-1,0,-1,12,21,17,2,0,3,-1,13,11,0,0,2,0,1,0,0,20,26,14,2,8,10,388,110,2,Chunked_Floss
34,5,0,17,7,0,0,0,0,-1,80,23,51,1,3,11,1,26,22,0,0,1,0,1,2,0,69,78,36,140,13,198,584,811,22,Chunked_Floss
79,13,0,25,20,0,0,13,2,29,196,14,420,0,8,46,2,39,125,1,0,1,1,0,7,0,120,236,18,211,40,267,2216,1493,199,Chunked_Floss
149,17,1,97,59,0,1,11,2,73,1048,101,107,0,6,48,1,65,177,5,0,2,5,2,3,0,62,160,185,23,24,182,1397,1403,13,Chunked_Floss
-62,-12,0,-1,-12,0,-1,-2,-3,-1,-206,-8,-106,-3,-1,-34,-6,-129,-71,-14,0,-3,-2,-1,-4,-1,-59,-246,-194,-363,-6,-320,-2022,-6030,-166,Chunked_Floss
5,2,0,0,3,0,0,0,0,6,115,6,30,0,13,5,0,16,6,0,0,1,3,1,0,0,11,21,0,23,0,0,899,493,1,Chunked_Floss
68,10,0,4,16,0,0,3,7,2,210,144,360,10,5,27,34,219,174,13,7,10,6,8,9,0,119,424,75,294,23,555,3618,7009,482,Chunked_Floss
68,10,0,4,16,0,0,3,7,2,210,144,360,10,5,27,34,219,174,13,7,10,6,8,9,0,119,424,75,294,23,555,3618,7009,482,Chunked_Floss
14,2,0,3,4,0,1,0,0,1,46,83,23,0,1,7,0,52,25,3,0,0,1,-1,0,0,-7,31,118,1,1,16,121,795,19,Chunked_Floss
17,6,0,4,4,0,1,1,3,5,59,17,15,0,0,11,0,54,27,-3,0,0,0,0,1,1,13,92,500,10,7,138,652,7643,8,Chunked_Floss
2,2,0,3,-1,0,0,0,0,1,301,2,144,0,0,103,0,129,-3,0,0,0,0,1,1,0,5,470,20,112,8,175,774,1383,457,Chunked_Floss
-6,1,0,26,-1,0,0,1,1,46,169,8,14,0,5,3,0,6,22,0,0,0,1,0,1,0,15,25,5,62,1,6,264,247,3,Chunked_Floss
-9,1,0,13,8,0,0,1,3,-3,47,25,16,1,0,11,0,40,-42,-2,0,0,0,9,2,0,17,45,62,77,14,4,611,1489,0,Chunked_Floss
19,3,0,-1,3,0,0,-1,2,0,37,3,21,0,-1,9,0,8,23,1,0,0,1,-1,1,0,11,11,-4,8,5,19,160,305,53,Chunked_Floss
-20,2,0,6,3,0,0,0,-2,4,49,52,34,2,-11,15,0,11,3,1,0,2,1,0,-1,0,63,75,29,325,8,16,206,713,7,Chunked_Floss
57,5,0,7,7,0,0,0,2,8,150,32,150,0,10,29,3,74,53,2,0,0,0,8,2,0,38,179,38,103,37,137,1635,6504,160,Chunked_Floss
162,1,1,24,18,0,0,-4,2,49,48,70,-6,0,18,28,2,11,34,-4,0,1,2,0,-2,0,-23,-62,-222,98,-20,35,484,-1195,-172,Chunked_Floss
-27,-7,0,-4,-9,0,0,-7,-1,24,-84,-31,65,-6,0,-33,-2,-55,-73,-1,-13,-5,-2,-8,-5,-5,-88,-127,-118,13,-20,-171,-187,-1329,38,Chunked_Floss
-17,2,0,-1,-5,0,0,7,1,8,-26,-3,5,0,4,1,-2,11,25,0,0,0,0,1,0,0,28,55,3,6,4,34,159,356,3,Chunked_Floss
6,0,0,1,1,0,0,0,1,-1,14,-4,12,0,0,-1,0,8,-8,0,0,0,0,0,-1,0,7,8,-10,6,0,18,130,284,5,Chunked_Floss
-5,4,0,5,-1,0,0,0,0,0,111,2,10,0,3,0,0,5,21,0,0,0,0,0,0,0,0,9,73,0,-8,3,187,382,2,Chunked_Floss
-27,1,0,-4,-1,0,0,0,0,1,-33,38,16,0,-4,1,0,5,-4,0,0,-1,0,0,0,0,3,-14,-108,2,-3,44,100,472,0,Chunked_Floss
3,2,0,2,1,0,0,-1,0,2,3,0,2,4,0,5,0,15,-5,4,0,4,0,0,0,0,7,18,104,3,2,48,20,1952,4,Chunked_Floss
-55,0,0,-21,-15,0,0,-1,-7,-121,-317,-34,-86,-1,-4,-48,0,-36,-51,-24,0,-1,0,17,-9,0,3,19,-17,-27,1,145,-1112,61,-10,Chunked_Floss
266,14,-13,23,49,0,0,0,7,-122,691,-31,72,3,-11,90,-1,116,4,4,0,2,0,3,2,0,0,-198,21,207,2,84,3410,1142,-45,Chunked_Floss
111,6,0,54,47,0,0,4,1,27,724,288,236,-1,7,87,4,110,148,3,0,4,1,6,2,3,299,458,475,53,49,191,2049,4248,88,Chunked_Floss
44,4,0,9,10,0,0,3,0,6,84,39,57,0,1,9,2,19,20,0,0,0,0,0,1,0,18,48,57,75,7,46,684,455,2,Chunked_Floss
51,3,1,8,11,0,0,-1,2,-1,-81,54,38,-1,2,10,0,18,4,2,0,-13,0,1,0,2,-25,21,-76,55,-1,98,551,2661,8,Chunked_Floss
32,1,0,-9,1,0,1,3,0,7,27,-6,122,0,91,-2,0,0,3,-1,0,0,1,-1,0,0,-7,-31,6,33,-8,21,182,-125,-6,Chunked_Floss
116,1,0,16,22,0,0,1,1,-6,58,-11,145,0,-6,19,0,31,78,3,0,0,3,-1,1,0,11,112,14,63,3,250,1190,647,21,Chunked_Floss
42,0,0,7,11,0,1,3,0,1,28,2,19,0,2,5,0,0,-5,0,0,-2,0,0,0,0,13,22,-14,9,2,12,70,558,10,Chunked_Floss
20,1,0,3,3,0,0,0,3,11,163,9,13,2,0,15,0,27,9,8,0,2,0,1,0,3,46,34,-1,28,5,41,377,69,0,Chunked_Floss
0,0,0,0,0,0,0,0,0,0,0,0,0,0,0,0,0,0,0,0,0,0,0,0,0,0,0,0,0,0,0,0,0,0,0,Chunked_Floss
-3,4,1,1,-1,0,0,8,0,-2,61,26,61,-4,2,2,-1,14,17,0,0,-4,0,-1,2,0,33,98,22,27,15,10,411,407,-2,Chunked_Floss
47,15,0,30,6,0,0,2,3,98,485,65,255,13,19,95,5,138,344,9,4,22,14,5,9,0,304,362,164,653,81,195,1980,7808,278,Chunked_Floss
-45,1,0,20,-5,0,0,0,2,17,51,-4,36,0,-1,-13,0,-6,31,1,0,0,-1,1,1,-2,-1,-41,4,13,1,223,-103,68,-4,Chunked_Floss
78,5,0,5,11,0,0,0,0,7,119,1,64,0,4,23,4,56,34,10,0,0,0,19,4,3,21,61,32,18,7,73,1111,4208,71,Chunked_Floss
-18,2,0,1,-1,0,0,1,0,24,23,5,7,0,0,0,0,9,3,1,0,0,0,0,0,0,18,25,6,20,1,15,74,5,0,Chunked_Floss
30,2,0,16,6,0,0,3,14,-9,147,46,47,0,-5,13,1,50,70,0,0,-1,22,5,4,1,38,32,50,2,18,58,512,1033,54,Chunked_Floss
30,2,0,16,6,0,0,3,14,-9,147,46,47,0,-5,13,1,50,70,0,0,-1,22,5,4,1,38,32,50,2,18,58,512,1033,54,Chunked_Floss
43,3,1,2,10,0,0,0,1,6,75,-3,72,-1,7,20,2,36,61,0,0,1,-2,0,2,0,49,79,76,13,32,17,350,1809,6,Chunked_Floss
168,6,0,19,33,0,0,1,2,16,92,33,108,3,1,18,0,19,62,0,0,5,3,0,3,0,14,31,36,170,2,66,1596,1886,45,Chunked_Floss
21,2,0,8,5,0,0,0,-2,-2,198,65,63,0,-5,32,3,57,41,-4,0,0,-1,0,0,0,36,123,265,70,26,101,1825,875,145,Chunked_Floss
127,2,1,63,32,0,0,1,8,192,373,29,241,1,51,16,0,2,-141,0,0,1,0,0,2,3,29,70,182,190,4,566,44,1198,45,Chunked_Floss
120,5,0,15,19,0,0,4,0,52,164,-4,215,0,-1,28,0,19,53,1,0,0,0,-1,-1,0,71,111,92,54,12,92,738,706,28,Chunked_Floss
181,10,0,52,45,0,1,0,6,29,917,19,464,1,9,203,5,262,99,4,0,38,0,3,1,0,55,792,106,302,67,318,2128,4623,757,Chunked_Floss
94,9,0,21,24,0,1,4,-1,29,335,211,104,2,6,22,3,100,174,5,0,9,3,1,8,0,234,315,123,59,36,236,1054,1896,75,Chunked_Floss
108,21,0,53,29,0,1,33,3,39,1810,30,274,5,56,25,0,138,536,1,0,13,3,0,15,0,242,582,354,77,94,111,1940,1309,42,Chunked_Floss
61,2,0,22,17,0,0,-2,3,43,82,30,40,6,1,23,11,114,94,11,0,8,0,-1,3,2,572,329,1,55,22,840,1748,2817,243,Chunked_Floss
39,9,0,25,3,0,0,4,15,127,498,26,94,0,3,24,1,132,135,6,0,2,5,4,1,0,45,146,195,42,9,86,671,1783,26,Chunked_Floss
21,0,1,5,4,0,0,5,0,4,79,5,15,0,2,1,0,5,17,0,0,0,0,0,1,0,27,33,4,60,5,17,256,123,8,Chunked_Floss
59,3,0,22,6,0,0,3,0,8,360,-1,18,1,2,-1,1,14,58,3,0,2,0,5,2,0,9,32,49,16,4,13,45,301,34,Chunked_Floss
-15,-3,0,5,-4,0,0,2,2,4,-42,14,43,-8,-1,-7,3,-16,-113,-6,0,-8,-3,0,-7,0,15,-75,173,1679,-28,9,104,-5098,-217,Chunked_Floss
15,1,0,2,5,0,0,0,0,0,28,29,9,0,0,3,1,13,19,0,0,1,0,0,0,0,13,43,14,8,5,11,147,113,25,Deep_Root_Canal
40,4,0,4,19,0,0,4,1,24,148,4,91,3,0,21,1,49,84,3,0,7,1,1,1,0,54,91,69,31,4,45,887,526,13,Deep_Root_Canal
0,0,0,0,0,0,0,0,1,0,11,0,1,0,1,3,0,0,6,0,0,0,-1,0,0,0,3,0,0,3,0,2,87,15,4,Deep_Root_Canal
-154,-27,0,-14,-35,0,0,-4,-13,-52,-434,-171,-596,-25,-8,-73,-36,-302,-263,-25,-7,-27,-9,-15,-12,0,-249,-721,-127,-366,-47,-822,-5590,-7385,-702,Deep_Root_Canal
0,1,0,0,0,0,0,0,0,0,1,1,3,0,0,0,0,6,0,0,0,0,0,0,0,0,2,9,7,1,0,0,70,929,5,Deep_Root_Canal
-2,0,0,1,-2,0,0,0,0,4,-9,-56,-6,0,0,-3,0,-8,16,-2,0,3,-1,9,2,-1,4,-14,-43,0,-9,-1,43,295,-1,Deep_Root_Canal
4,1,0,-2,0,0,0,0,1,-5,55,-3,1,0,0,4,0,4,23,0,0,0,0,3,1,0,20,13,61,4,1,6,50,198,8,Deep_Root_Canal
1,1,0,1,1,0,0,0,1,0,7,3,8,0,0,4,1,13,-3,1,0,0,0,4,-1,0,-3,1,188,0,0,7,95,2186,2,Deep_Root_Canal
6,3,0,0,-2,0,0,0,0,-1,13,0,3,0,0,4,1,15,-1,0,0,0,-5,0,0,0,5,10,18,30,1,11,153,1198,8,Deep_Root_Canal
16,2,0,-1,5,0,0,0,1,0,-9,-54,18,0,0,10,0,10,8,0,0,2,0,1,0,0,-10,-7,8,0,0,11,216,-58,2,Deep_Root_Canal
0,2,0,1,0,0,0,0,1,0,-22,32,3,1,0,0,0,12,1,0,0,1,0,0,0,0,0,2,598,-1,1,17,88,89,0,Deep_Root_Canal
1,0,0,0,1,0,0,4,-1,0,-29,4,0,0,0,-1,0,3,3,0,0,0,0,0,0,0,0,-1,-11,0,0,3,32,99,0,Deep_Root_Canal
6,2,0,0,0,0,0,1,2,8,8,0,8,0,0,1,0,23,1,2,0,0,0,0,0,0,19,13,279,3,5,16,165,1707,7,Deep_Root_Canal
7,1,0,0,1,0,0,-1,-1,14,23,-6,4,0,0,2,0,13,4,2,0,0,0,0,0,0,21,11,-5,8,-2,37,259,2412,10,Deep_Root_Canal
2,0,0,1,1,0,0,3,0,0,2,0,0,0,0,2,0,3,4,0,0,0,0,0,0,0,5,13,6,1,1,3,9,136,2,Deep_Root_Canal
2,0,0,0,1,0,0,0,0,3,4,20,1,0,0,2,0,0,3,0,0,0,0,0,0,0,-1,4,21,4,1,4,25,125,0,Deep_Root_Canal
3,0,0,1,1,0,0,-2,1,1,-3,5,-1,0,0,1,0,1,8,0,0,0,-1,0,0,2,3,2,-3,0,0,2,10,58,0,Deep_Root_Canal
26,-1,0,4,2,0,0,0,0,3,-241,3,-130,0,0,-99,0,-101,4,2,0,0,1,3,1,0,2,-452,32,-79,-8,-116,-345,-1080,-443,Deep_Root_Canal
2,-1,0,0,-2,0,0,-1,0,0,-37,1,-5,0,0,-3,0,1,4,0,0,0,0,0,0,0,-21,-13,-8,-9,1,-1,73,7,0,Deep_Root_Canal
-18,-41,0,-34,-9,0,0,-6,-7,-16,-3374,-152,-973,-2,-25,-39,-1,-413,-824,-9,-3,-6,-18,-21,-47,0,-229,-782,-452,-649,-301,-825,-3953,-55487,-389,Deep_Root_Canal
11,1,0,6,5,0,0,1,1,11,49,0,3,0,0,1,0,4,0,0,0,0,0,0,0,0,7,8,4,13,2,1,63,69,0,Deep_Root_Canal
-8,5,0,-8,-3,0,0,-2,-1,-16,-138,-15,-9,4,2,5,0,27,6,3,0,5,0,2,3,0,40,40,38,3,1,-105,599,5134,39,Deep_Root_Canal
96,3,0,16,19,0,0,1,3,1,144,158,113,1,-1,32,0,65,47,2,0,1,0,0,0,0,49,86,59,43,4,290,2490,2561,93,Deep_Root_Canal
12,3,0,5,5,0,0,1,0,3,-2,-18,78,-4,0,12,3,10,65,-3,0,-3,-1,0,0,1,22,20,65,31,11,91,820,315,-3,Deep_Root_Canal
78,8,0,24,31,0,0,7,2,27,325,20,87,0,2,25,1,45,77,12,8,0,0,2,5,0,31,39,3,97,4,48,652,2327,38,Deep_Root_Canal
54,3,0,7,7,0,1,8,0,3,66,9,71,2,2,24,0,30,15,0,0,3,0,5,0,1,50,75,53,26,2,92,313,1232,11,Deep_Root_Canal
20,4,0,-1,1,0,0,-3,0,1,15,10,16,1,2,3,0,25,20,0,0,2,0,1,0,0,17,25,57,37,2,36,385,1469,10,Deep_Root_Canal
92,3,0,12,17,0,0,5,0,1,146,39,96,0,1,29,0,42,55,0,0,1,1,2,6,0,60,88,66,18,6,40,359,1088,1,Deep_Root_Canal
15,3,0,0,7,0,0,6,2,3,7,21,22,0,3,4,1,35,-5,0,0,0,0,1,0,1,71,109,52,41,20,22,1008,172,0,Deep_Root_Canal
-29,1,0,-6,-8,0,0,0,-1,-1,-1,-4,23,0,-2,-3,0,11,-1,-1,0,0,0,1,2,-1,-3,10,1,-5,-1,-32,252,519,9,Deep_Root_Canal
-3,0,0,4,0,0,0,-4,0,0,51,-4,-4,3,-2,-1,0,0,-5,0,0,3,0,1,1,0,-1,4,-1,1,-1,8,-120,-3,3,Deep_Root_Canal
0,0,0,2,0,0,0,0,0,2,67,0,1,0,0,0,0,0,258,0,0,0,0,0,0,0,6,4,42,4,0,2,76,50,0,Deep_Root_Canal
0,0,0,1,0,0,0,0,0,4,37,1,3,0,0,1,0,0,30,0,0,0,0,0,0,0,0,1,6,0,0,0,19,15,0,Deep_Root_Canal
-1,1,0,0,1,0,0,0,0,1,20,7,2,0,0,0,0,4,0,0,0,0,0,0,0,0,1,8,0,3,0,24,38,64,5,Deep_Root_Canal
2,1,0,-1,0,0,0,0,0,0,5,2,-4,0,0,-1,0,2,1,0,0,0,0,0,0,-1,3,4,4,3,-1,0,-3,4,9,Deep_Root_Canal
-43,-1,0,-8,0,0,0,1,0,-3,52,15,-8,0,2,-6,1,-12,2,0,0,-2,0,1,1,0,9,10,-4,63,-3,-6,-56,-153,-2,Deep_Root_Canal
0,0,0,0,0,0,0,0,0,0,8,0,9,0,0,-1,0,0,0,0,0,0,0,0,0,0,11,9,2,0,3,12,45,45,0,Deep_Root_Canal
15,0,0,2,3,0,0,0,0,5,-14,4,23,0,1,5,0,-1,11,2,0,-2,0,0,0,0,28,41,13,1,8,26,142,200,4,Deep_Root_Canal
0,0,0,0,0,0,0,2,1,2,10,3,9,0,1,0,0,3,3,1,0,0,0,0,0,0,8,8,3,5,1,5,93,12,1,Deep_Root_Canal
165,4,0,41,50,0,1,11,2,14,566,76,126,6,36,33,0,111,258,3,0,6,0,5,5,1,135,245,415,84,35,137,1925,2026,53,Deep_Root_Canal
5,0,0,4,-1,0,0,0,0,11,36,1,11,0,5,1,0,3,5,0,0,0,0,0,0,0,15,20,24,10,5,2,40,171,3,Deep_Root_Canal
8,3,0,0,4,0,0,2,1,31,1,13,21,0,0,0,0,6,19,0,0,0,1,0,0,0,26,5,4,50,1,15,137,61,0,Deep_Root_Canal
6,7,2,13,4,0,1,2,0,8,570,260,33,0,2,3,0,47,65,1,0,0,0,10,0,0,98,133,43,-2,189,23,1003,771,5,Deep_Root_Canal
13,1,0,0,0,0,1,3,0,1,5,10,8,0,0,3,0,8,27,2,0,0,0,2,0,1,5,-1,15,8,-2,0,27,270,-4,Deep_Root_Canal
6,2,0,-2,-1,0,0,0,0,1,-20,9,4,2,-1,-2,0,13,1,0,0,1,0,1,2,0,2,16,94,0,3,6,89,1651,42,Deep_Root_Canal
-7,0,0,0,1,0,0,2,0,0,1,3,15,1,0,1,1,8,5,1,0,0,0,0,0,0,3,2,3,0,6,-15,5,59,6,Deep_Root_Canal
-9,0,0,-3,-2,0,0,-1,-2,1,-46,3,-35,0,-2,0,1,-14,-9,0,0,0,0,-1,0,0,14,-19,-21,-9,1,-20,-53,-294,-1,Deep_Root_Canal
0,0,0,0,1,0,0,0,0,0,-12,-11,-2,0,0,2,-1,-3,-3,0,0,0,0,0,0,-1,1,-12,-1,2,0,-7,28,-41,0,Deep_Root_Canal
0,1,0,25,0,0,0,0,43,0,167,0,16,0,0,2,0,15,0,1,0,0,0,0,0,0,43,109,317,0,16,11,121,46,40,Deep_Root_Canal
0,0,0,1,0,0,0,0,0,0,9,0,0,0,0,0,0,2,0,0,0,0,0,0,0,0,2,3,10,0,0,3,17,12,0,Deep_Root_Canal
0,-1,0,-26,0,0,0,0,-50,0,-201,0,-7,0,0,-1,0,-16,0,-1,0,0,0,0,0,0,-39,-106,-299,-4,-22,-9,-138,-57,-40,Deep_Root_Canal
1,1,0,4,3,0,0,0,0,2,14,9,-1,-1,0,0,0,3,-12,0,0,-1,1,0,0,0,6,-1,1,4,0,1,34,3,0,Deep_Root_Canal
0,0,0,0,0,0,0,0,0,0,0,0,0,0,0,0,0,0,0,0,0,0,0,0,0,0,0,0,0,0,0,0,0,0,0,Deep_Root_Canal
-47,-1,0,-9,-9,0,0,-1,1,-64,-56,33,49,0,0,0,0,9,40,1,0,0,7,1,4,0,4,5,-43,65,1,5,304,125,2,Deep_Root_Canal
72,4,1,29,19,0,0,-30,0,21,129,57,62,2,9,44,3,106,140,1,0,7,4,3,2,0,69,74,-709,53,-18,142,408,473,40,Deep_Root_Canal
48,-14,0,-31,10,0,0,-10,-3,-33,-1532,-14,-165,-4,-30,34,2,-86,-416,3,0,-12,-3,0,-8,1,-94,-294,-216,-34,-50,-49,-779,-567,-25,Deep_Root_Canal
-35,2,0,18,-2,0,0,2,2,100,211,-23,36,-2,1,5,0,-9,-24,6,0,-10,0,0,1,-2,-37,-6,13,3,4,-38,-71,166,15,Deep_Root_Canal
-10,-2,0,-19,-9,0,-1,-3,-2,-12,-172,-8,-81,-2,2,-17,0,-17,-8,0,0,-2,-1,-1,0,1,-65,-73,-27,-40,-6,-227,-376,-699,-5,Root_Canal
0,1,0,1,0,0,0,0,1,0,33,-3,0,1,0,1,2,2,5,1,0,1,-9,0,1,0,-4,8,2,-1,4,2,35,47,2,Root_Canal
2,2,0,1,1,0,0,0,0,10,13,-1,6,1,0,0,0,7,27,0,0,0,0,0,0,0,0,19,273,4,-3,-1,96,213,0,Root_Canal
0,0,0,0,0,0,0,2,0,0,-2,-1,9,0,1,2,0,10,7,1,0,0,0,0,0,0,9,16,13,2,4,4,327,6042,5,Root_Canal
9,0,0,1,1,0,0,0,0,5,-5,13,5,0,7,1,0,11,11,1,0,0,5,0,1,0,9,26,12,8,2,22,52,852,6,Root_Canal
0,1,0,1,0,0,0,-1,0,0,13,1,3,0,1,0,0,4,0,0,0,0,0,0,0,0,9,14,0,0,2,3,81,74,4,Root_Canal
1,0,0,0,0,0,0,0,0,1,21,7,4,1,1,1,0,-2,0,0,0,1,0,0,0,0,-1,0,30,37,0,0,26,68,-2,Root_Canal
5,1,0,1,2,0,0,0,0,1,12,-16,-5,0,0,2,1,0,34,0,0,0,0,-2,2,0,7,16,12,1,-1,22,114,51,0,Root_Canal
4,0,0,3,0,0,0,1,2,0,-3,0,3,0,0,3,0,1,-6,0,0,0,0,0,0,0,0,1,-1,3,0,-2,12,38,1,Root_Canal
5,1,1,2,-1,0,0,5,0,3,7,1,28,0,-20,1,1,1,3,0,0,1,0,0,0,0,3,13,11,1,1,11,67,844,17,Root_Canal
0,2,0,-1,-2,0,0,0,1,0,32,3,18,0,0,2,0,3,17,0,0,0,0,0,0,0,20,13,131,1,1,26,70,549,1,Root_Canal
16,0,1,9,7,0,0,-1,0,-5,9,10,-7,0,-2,4,0,-5,-4,0,0,0,0,-1,0,0,2,9,-2,28,0,3,154,250,6,Root_Canal
7,2,0,0,2,0,0,0,1,0,30,47,9,0,-1,9,-2,25,55,5,0,0,8,0,4,0,43,-13,27,2,1,2,36,321,-44,Root_Canal
2,0,0,1,1,0,0,-2,1,1,16,-2,4,2,0,1,0,4,8,0,0,2,0,0,0,0,8,12,36,4,4,3,45,304,6,Root_Canal
-2,0,0,0,-1,0,0,0,-2,7,14,6,4,0,-1,-3,0,3,4,-1,0,0,0,-3,0,2,2,0,-21,-68,-4,-23,-24,62,-6,Root_Canal
2,1,0,0,1,0,0,0,1,0,46,2,14,0,0,0,0,4,23,0,0,0,0,0,1,0,13,10,21,3,1,1,250,144,3,Root_Canal
-6,0,0,-1,1,0,0,0,0,-2,14,-4,-3,0,-4,4,0,0,5,0,0,0,0,0,0,0,-1,2,21,-1,-7,1,27,-225,2,Root_Canal
22,2,0,3,3,0,0,0,0,0,28,21,65,0,0,13,1,15,16,3,0,0,0,2,1,0,4,17,5,19,3,34,416,836,12,Root_Canal
10,1,0,1,5,0,0,0,0,0,70,0,12,0,0,1,0,5,9,0,0,0,0,0,0,0,48,21,15,30,-2,15,239,100,0,Root_Canal
0,7,0,4,0,0,0,3,3,4,1228,39,310,0,2,0,0,139,176,0,1,0,0,16,10,0,35,184,199,201,97,273,1361,17720,95,Root_Canal
-5,1,0,2,-3,0,0,1,0,0,-4,6,6,0,-1,3,0,5,2,0,0,0,0,0,2,0,12,11,3,2,0,1,159,123,2,Root_Canal
34,0,0,5,8,0,0,0,0,5,32,4,35,1,2,6,0,11,19,0,0,2,0,0,0,0,25,43,2,0,11,12,110,433,11,Root_Canal
9,1,0,2,1,0,0,-1,0,2,12,8,35,0,8,4,0,15,13,0,0,0,0,0,0,0,10,41,30,18,4,25,239,849,3,Root_Canal
19,0,0,4,9,0,0,1,0,7,39,21,31,0,2,10,0,26,7,13,0,1,0,0,0,1,21,33,2,37,1,11,265,667,26,Root_Canal
33,2,0,10,6,0,1,2,3,4,59,12,43,0,4,19,1,20,35,0,0,0,0,0,3,0,25,99,51,32,8,34,630,311,0,Root_Canal
1,0,0,1,1,0,0,0,0,1,-4,1,0,0,0,0,0,1,15,0,0,0,1,0,1,0,-2,1,4,2,-2,1,-17,-18,0,Root_Canal
4,0,0,-1,0,0,0,0,-1,2,22,-6,-2,0,0,2,0,0,0,0,0,0,0,0,0,0,2,0,-21,1,0,0,27,38,0,Root_Canal
0,-1,0,1,0,0,0,0,0,9,9,2,5,0,0,0,0,0,-7,0,0,0,0,0,-1,0,-2,1,7,2,0,6,17,12,0,Root_Canal
0,0,0,-1,-2,0,1,-3,0,-1,-19,82,3,0,0,2,0,4,-4,0,0,0,0,-1,1,0,17,8,4,2,-1,-3,75,52,5,Root_Canal
2,1,0,5,1,0,0,-1,0,22,61,1,6,0,0,2,0,0,-2,0,0,0,0,0,0,0,-6,3,6,2,2,1,-52,-17,0,Root_Canal
11,0,0,-1,1,0,0,0,0,1,-8,11,4,0,0,0,0,7,17,0,0,0,0,1,0,0,5,0,4,9,1,-27,175,30,1,Root_Canal
88,1,0,3,5,0,0,2,0,-2,105,42,26,0,-2,1,1,8,16,0,0,0,0,0,1,0,21,57,6,6,3,39,329,436,9,Root_Canal
20,5,0,11,5,0,0,0,0,37,63,19,20,1,1,3,0,8,-44,1,0,0,1,1,-1,0,0,8,10,12,1,21,217,415,11,Root_Canal
0,0,0,1,-1,0,0,0,0,3,19,5,10,0,0,1,0,2,3,0,0,0,0,0,0,0,6,17,14,3,1,6,105,109,7,Root_Canal
0,0,0,1,0,0,0,-2,-1,-1,-8,0,-1,0,0,-1,0,-1,-7,0,0,0,0,0,0,0,-9,-19,0,0,-6,-10,-36,34,0,Root_Canal
0,0,0,0,0,0,0,2,1,0,-1,0,0,0,0,0,0,-1,1,0,0,0,0,0,0,0,6,2,0,0,1,-1,16,23,0,Root_Canal
10,0,0,-5,-1,0,0,-1,0,-3,-51,-11,-30,0,0,-4,0,-7,-3,-1,0,7,0,-1,-1,0,20,-24,-14,-1,-8,-4,-12,-335,-29,Root_Canal
32,0,0,1,0,0,0,1,0,2,8,-1,5,1,0,6,-1,6,-21,0,0,1,0,1,1,0,10,18,15,-4,-1,9,277,719,11,Root_Canal
5,2,0,3,2,0,0,0,1,1,40,4,14,1,-1,2,3,25,7,2,0,1,0,0,0,0,21,36,406,57,15,33,313,1850,20,Root_Canal
13,1,0,5,5,0,0,3,0,6,64,25,22,1,0,8,0,8,50,3,0,1,0,-1,0,0,16,16,24,13,1,7,113,124,1,Root_Canal
5,0,0,-2,-2,0,0,-1,-1,3,-3,3,16,0,1,6,0,0,-5,0,0,0,0,0,0,0,19,15,-18,-5,5,3,22,196,2,Root_Canal
-5,0,0,-1,-1,0,0,0,0,0,1,0,1,0,0,-2,0,0,-1,0,0,0,2,0,0,0,0,4,4,6,0,3,17,-5,1,Root_Canal
21,0,0,0,1,0,0,0,0,2,3,1,12,0,0,4,0,8,0,0,0,0,0,0,0,0,13,54,0,-1,5,12,86,454,28,Root_Canal
-6,2,0,5,6,0,0,-1,4,-1,54,3,-10,-2,3,9,0,13,44,-1,0,-2,0,1,3,0,44,55,-18,137,-4,19,1146,201,39,Root_Canal
